,Code,Code,Code,Activity,Evolution,Previous,Historically-complex,Did,Area,Area,C-class,M-class,X-class
0,C,S,O,1,2,1,1,2,1,2,0,0,0
1,D,S,O,1,3,1,1,2,1,2,0,0,0
2,C,S,O,1,3,1,1,2,1,1,0,0,0
3,D,S,O,1,3,1,1,2,1,2,0,0,0
4,D,A,O,1,3,1,1,2,1,2,0,0,0
5,D,A,O,1,2,1,1,2,1,2,0,0,0
6,D,A,O,1,2,1,1,2,1,1,0,0,0
7,D,A,O,1,2,1,1,2,1,2,0,0,0
8,D,K,O,1,3,1,1,2,1,2,0,0,0
9,C,R,O,1,3,1,1,2,1,1,0,0,0
10,B,X,O,1,3,1,1,2,1,1,0,0,0
11,D,S,O,1,2,1,1,2,1,1,0,0,0
12,C,H,I,1,3,1,1,2,1,2,0,0,0
13,D,R,O,1,3,1,1,2,1,1,0,0,0
14,B,X,O,1,2,1,1,2,1,1,0,0,0
15,B,X,O,1,3,1,1,2,1,1,0,0,0
16,D,K,I,1,3,1,1,2,1,2,0,0,0
17,D,S,O,1,2,1,1,2,1,2,0,0,0
18,D,R,O,1,2,1,1,2,1,1,0,0,0
19,C,A,I,1,2,1,1,2,1,2,0,0,0
20,C,S,O,1,2,1,1,2,1,1,0,0,0
21,B,X,O,1,3,1,1,2,1,1,0,0,0
22,F,K,I,1,3,1,2,2,1,2,0,0,0
23,B,X,O,1,2,1,1,2,1,1,0,0,0
24,H,R,X,1,2,1,1,1,1,2,0,0,0
25,B,X,I,1,3,1,1,2,1,1,0,0,0
26,C,R,I,1,3,1,1,2,1,2,0,0,0
27,B,X,O,1,3,1,1,2,1,1,0,0,0
28,B,X,O,1,3,1,1,2,1,2,0,0,0
29,D,A,I,1,3,1,2,2,1,2,0,0,0
30,D,A,O,1,3,1,1,2,1,2,1,0,1
31,B,X,O,1,3,1,1,2,1,1,0,0,0
32,D,A,I,1,3,1,1,2,1,2,0,0,0
33,B,X,O,1,3,1,1,2,1,2,0,0,0
34,D,R,O,1,3,1,1,2,1,2,0,0,0
35,D,A,O,1,2,1,1,2,1,1,0,0,0
36,C,A,I,1,3,1,1,2,1,1,0,0,0
37,D,A,I,1,2,1,2,2,1,1,1,0,0
38,D,A,I,2,2,3,1,2,1,2,0,0,0
39,D,A,I,1,2,1,2,2,1,2,0,0,0
40,B,X,O,1,3,1,1,2,1,1,0,0,0
41,D,R,O,1,1,1,1,2,1,1,0,0,0
42,D,A,I,1,2,1,1,2,1,1,0,0,0
43,D,S,O,1,1,1,1,2,1,1,0,0,0
44,D,S,I,1,3,1,1,2,1,1,0,0,0
45,D,A,I,1,3,1,2,2,1,2,2,1,0
46,D,A,I,2,3,1,2,2,1,1,0,0,0
47,D,A,I,1,2,1,2,2,1,1,0,0,0
48,B,X,O,1,2,1,1,2,1,1,0,0,0
49,D,S,O,1,3,1,2,2,1,2,0,0,0
50,D,S,O,1,3,1,1,2,1,1,0,0,0
51,B,X,O,1,3,1,1,2,1,1,0,0,0
52,D,A,O,1,3,1,2,2,1,2,0,0,0
53,D,K,C,2,3,1,2,2,1,2,1,1,0
54,D,A,I,1,3,1,2,2,1,2,0,0,0
55,B,X,O,1,3,1,1,2,1,1,0,0,0
56,D,A,O,1,3,1,2,2,1,2,0,0,0
57,D,S,I,1,3,1,1,2,1,1,0,0,0
58,D,K,C,1,2,1,1,2,1,2,0,0,0
59,D,A,I,1,2,1,1,2,1,2,0,0,0
60,B,X,O,1,3,1,1,2,1,1,0,0,0
61,D,S,O,1,2,1,2,2,1,2,0,0,0
62,D,K,C,2,3,3,2,2,1,2,1,2,1
63,E,K,I,2,3,1,2,2,1,2,0,0,0
64,D,S,I,1,3,1,2,2,1,2,1,0,0
65,C,S,O,1,2,1,2,2,1,2,0,0,0
66,D,S,I,1,3,1,2,2,1,2,0,0,0
67,H,H,X,1,2,1,2,2,1,1,1,0,0
68,D,S,I,1,3,1,2,2,1,2,0,0,0
69,B,X,O,1,3,1,1,2,1,1,0,0,0
70,B,X,O,1,3,1,1,2,1,1,0,0,0
71,C,R,O,1,3,1,1,2,1,1,0,0,0
72,H,S,X,1,2,1,1,1,1,2,0,0,0
73,D,A,O,1,2,1,2,2,1,2,0,0,0
74,D,K,C,2,2,3,2,2,1,2,0,0,0
75,D,K,I,1,3,1,2,2,1,2,0,2,1
76,D,S,I,1,2,1,2,2,1,1,0,1,0
77,C,A,O,1,2,1,2,2,1,2,0,0,0
78,D,S,O,1,1,1,2,2,1,2,0,0,0
79,H,S,X,1,3,1,2,2,1,2,0,0,0
80,D,K,I,1,3,1,2,2,1,2,0,0,0
81,H,R,X,1,2,1,1,2,1,2,0,0,0
82,B,X,O,1,2,1,1,2,1,1,0,0,0
83,H,S,X,1,3,1,1,1,1,2,0,0,0
84,C,S,O,1,1,1,2,2,1,2,0,0,0
85,D,K,C,2,2,3,2,2,1,2,0,0,0
86,D,A,I,1,2,1,2,2,1,2,0,0,0
87,C,S,O,2,2,1,2,2,1,1,0,0,0
88,C,S,O,1,2,1,2,2,1,2,0,0,0
89,C,S,O,1,2,1,2,2,1,2,0,0,0
90,C,S,O,2,3,1,2,2,1,2,0,0,0
91,D,K,I,1,3,1,2,2,1,2,0,1,0
92,H,R,X,1,2,1,1,2,1,2,0,0,0
93,H,S,X,1,3,1,1,1,1,2,0,0,0
94,C,S,O,1,2,1,1,2,1,2,1,0,0
95,C,K,O,1,2,3,2,2,1,2,0,0,0
96,C,S,O,1,1,3,2,2,1,2,0,0,0
97,C,S,O,1,1,1,2,2,1,2,0,0,0
98,C,K,I,1,3,1,2,2,1,2,0,0,0
99,E,A,C,1,3,1,2,2,1,2,0,0,0
100,H,R,X,1,2,1,1,2,1,2,0,0,0
101,H,S,X,1,2,1,1,1,1,2,0,0,0
102,H,R,X,1,2,1,1,2,1,2,0,0,0
103,H,S,X,2,2,1,1,2,1,2,0,0,0
104,B,X,O,1,3,1,1,2,1,2,0,0,0
105,C,S,I,1,2,1,2,2,1,2,0,0,0
106,H,S,X,1,1,1,2,2,1,2,0,0,1
107,D,K,C,1,3,3,2,2,1,2,0,1,0
108,D,A,I,2,2,3,2,2,1,2,0,0,0
109,H,S,X,1,2,1,1,2,1,2,0,0,0
110,B,X,O,1,2,1,1,2,1,1,0,0,0
111,C,S,I,2,3,3,1,2,1,1,0,1,0
112,C,S,O,1,1,1,1,2,1,2,0,1,0
113,H,K,X,2,2,3,2,2,1,2,0,0,0
114,D,K,I,1,3,1,2,2,1,2,0,0,0
115,H,A,X,1,3,1,1,2,1,2,0,0,0
116,C,R,O,1,1,1,1,2,1,2,0,0,0
117,C,R,O,1,3,1,1,2,1,2,0,0,0
118,B,X,O,1,3,1,1,2,1,1,0,0,0
119,B,X,O,1,3,1,1,2,1,1,1,0,0
120,H,K,X,1,3,1,2,2,1,2,0,0,0
121,C,K,I,1,3,1,2,2,1,2,0,0,0
122,H,S,X,1,2,1,1,2,1,2,0,0,0
123,B,X,O,1,3,1,1,2,1,1,0,0,0
124,C,R,I,2,3,3,1,2,1,2,0,0,0
125,H,R,X,1,2,3,1,2,1,2,0,0,0
126,B,X,O,1,3,1,1,2,1,1,0,0,0
127,D,R,O,1,3,1,1,2,1,2,0,0,0
128,H,K,X,1,2,1,2,2,1,2,0,0,0
129,D,K,I,1,2,1,2,2,1,2,0,0,0
130,H,H,X,1,3,1,1,2,1,2,0,0,0
131,B,X,I,1,3,1,1,2,1,1,0,0,0
132,B,X,O,1,3,1,1,2,1,1,0,0,0
133,B,X,I,1,3,1,1,2,1,1,0,0,0
134,D,R,O,2,2,1,1,2,1,2,1,0,0
135,H,A,X,1,3,1,2,2,1,2,0,0,0
136,C,K,O,1,2,1,2,2,1,2,0,0,0
137,H,S,X,1,2,1,1,2,1,2,0,0,0
138,B,X,O,1,2,1,1,2,1,1,0,0,0
139,B,X,O,1,2,1,1,2,1,1,1,0,0
140,C,R,O,1,3,1,1,2,1,1,0,0,0
141,B,X,I,1,3,1,1,2,1,1,0,0,0
142,C,A,O,1,3,1,2,2,1,2,0,0,0
143,C,K,I,1,2,1,2,2,1,2,0,0,0
144,H,S,X,1,2,1,1,2,1,2,0,0,0
145,D,S,I,1,3,1,1,2,1,1,0,0,0
146,B,X,O,1,2,1,1,2,1,1,0,0,0
147,B,X,O,2,2,1,1,2,1,1,0,0,0
148,H,S,X,1,2,1,1,1,1,2,0,0,0
149,H,A,X,1,3,1,1,2,1,2,0,0,0
150,C,K,I,1,3,1,2,2,1,2,2,4,0
151,B,X,O,1,3,1,1,2,1,2,0,0,0
152,H,S,X,1,3,1,1,1,1,2,0,0,0
153,C,S,O,1,3,1,1,2,1,2,0,1,0
154,C,A,I,1,3,1,1,2,1,2,0,0,0
155,H,S,X,1,3,1,1,1,1,2,0,0,0
156,D,S,O,1,3,1,1,2,1,2,1,0,0
157,C,S,O,1,2,3,2,2,1,2,0,0,0
158,B,X,O,1,2,1,1,2,1,1,0,0,0
159,H,S,X,1,2,1,1,1,1,2,0,0,0
160,C,S,O,1,3,1,1,2,1,2,0,0,0
161,C,S,O,1,3,1,1,2,1,2,0,0,0
162,H,A,X,1,3,1,1,1,1,2,2,0,0
163,B,X,O,2,1,1,1,2,1,1,1,0,0
164,H,R,X,1,2,1,1,1,1,2,0,0,0
165,C,S,O,2,2,1,2,2,1,2,0,1,0
166,H,S,X,1,3,1,1,1,1,2,0,0,0
167,H,S,X,2,2,3,1,2,1,2,0,0,0
168,C,S,O,1,2,1,1,2,1,2,0,0,0
169,C,A,I,1,3,1,1,2,1,2,0,0,0
170,E,S,I,1,3,1,1,2,1,2,0,2,0
171,B,X,O,1,2,1,1,2,1,1,0,0,0
172,D,S,O,1,2,1,1,2,1,2,1,0,0
173,C,S,O,1,1,1,2,2,1,2,0,0,0
174,C,S,O,1,2,1,1,2,1,2,0,0,0
175,H,S,X,1,1,1,1,2,1,2,0,0,0
176,C,S,O,1,2,1,1,2,1,2,0,0,0
177,C,S,I,2,2,1,1,2,1,2,0,0,0
178,D,S,O,1,2,1,2,2,1,2,2,4,0
179,D,S,O,1,3,1,1,2,1,2,1,0,0
180,B,X,O,1,3,1,1,2,1,2,0,0,0
181,C,A,O,1,3,1,1,2,1,2,0,0,0
182,C,S,O,1,3,1,1,2,1,2,0,0,0
183,C,R,I,1,3,1,1,2,1,2,0,0,0
184,B,X,O,1,2,3,2,2,1,2,0,0,0
185,B,X,I,2,3,1,1,2,1,2,1,0,0
186,D,H,O,1,2,1,1,2,1,2,0,0,0
187,H,S,X,1,1,1,1,2,1,2,0,0,0
188,H,R,X,1,2,1,1,2,1,2,0,0,0
189,H,A,X,1,2,1,1,2,1,2,0,0,0
190,C,R,I,1,2,1,1,2,1,2,0,0,0
191,C,R,O,2,1,1,1,2,1,2,0,0,0
192,D,K,O,1,3,1,1,2,1,2,1,0,0
193,D,R,O,1,2,1,1,2,1,2,0,0,0
194,H,S,X,1,2,1,1,2,1,2,0,0,0
195,B,X,O,1,2,1,1,2,1,1,0,0,0
196,B,X,I,1,3,1,1,2,1,2,0,0,0
197,B,X,O,1,3,1,1,2,1,1,0,0,0
198,C,S,O,1,3,1,1,2,1,2,1,1,0
199,D,A,I,1,3,1,1,2,1,2,0,0,0
200,B,X,O,1,3,1,1,2,1,2,0,1,0
201,B,X,O,1,2,1,1,2,1,2,0,0,0
202,B,X,I,1,3,1,1,2,1,1,0,0,0
203,B,X,I,1,3,1,1,2,1,1,0,0,0
204,D,A,I,1,3,1,1,2,1,2,0,0,0
205,C,H,I,2,3,1,1,2,1,2,0,0,0
206,D,K,O,1,3,1,2,2,1,2,2,0,0
207,B,X,O,1,3,1,1,2,1,2,1,0,0
208,C,K,I,1,3,1,1,2,1,1,0,0,0
209,C,A,O,1,2,1,1,2,1,2,0,0,0
210,D,A,I,1,2,1,1,2,1,2,0,0,0
211,B,X,O,1,3,1,1,2,1,2,0,0,0
212,B,X,I,1,3,1,1,2,1,2,0,0,0
213,B,X,O,1,3,1,1,2,1,2,1,1,0
214,B,X,I,1,2,1,2,2,1,2,0,0,0
215,B,X,I,1,3,1,1,2,1,1,0,0,0
216,C,A,I,1,3,1,2,2,1,2,0,0,0
217,C,H,I,2,2,3,1,2,1,2,1,1,0
218,F,K,I,1,2,1,2,2,1,2,1,1,0
219,C,R,O,1,2,3,1,2,1,2,0,0,0
220,E,A,O,1,2,1,1,2,1,2,0,0,0
221,C,S,O,1,1,1,1,2,1,2,0,0,0
222,D,A,I,1,3,1,2,2,1,2,0,0,0
223,B,X,O,2,3,1,1,2,1,2,0,1,0
224,C,R,O,1,3,1,1,2,1,2,0,0,0
225,D,S,I,1,2,1,2,2,1,2,0,0,0
226,H,A,X,1,3,1,1,1,1,2,0,0,0
227,B,X,O,1,2,1,1,2,1,1,0,0,0
228,C,A,O,1,3,1,2,2,1,2,0,0,0
229,D,H,I,1,3,1,1,2,1,2,0,0,0
230,F,A,I,2,3,1,2,2,1,2,0,0,0
231,E,K,O,1,3,1,1,2,1,2,1,0,0
232,H,S,X,1,3,1,1,2,1,2,0,0,0
233,D,K,C,1,3,1,2,2,1,2,0,0,0
234,B,X,O,1,3,1,1,2,1,1,0,0,0
235,B,X,O,2,2,3,1,2,1,1,0,0,0
236,D,A,I,1,3,1,1,2,1,2,0,0,0
237,C,A,I,1,3,1,2,2,1,2,0,0,0
238,H,R,X,1,2,1,1,1,1,2,0,0,0
239,C,R,O,1,1,1,2,2,1,1,0,0,0
240,D,H,I,2,3,3,2,2,1,2,0,0,0
241,E,K,I,2,2,3,2,2,1,2,0,1,0
242,E,K,I,1,3,1,1,2,1,2,0,0,0
243,C,S,O,1,2,1,1,2,1,2,0,0,0
244,D,K,C,1,3,1,2,2,1,2,1,0,0
245,B,X,O,1,3,1,1,2,1,1,0,0,0
246,B,X,O,2,2,3,1,2,1,1,0,0,0
247,D,S,O,1,3,1,2,2,1,2,0,0,0
248,H,R,X,1,3,1,1,2,1,2,0,0,0
249,H,A,X,1,3,1,2,2,1,2,0,0,0
250,H,R,X,1,2,1,1,1,1,2,0,0,0
251,H,S,X,1,3,1,1,2,1,2,0,0,0
252,C,R,I,1,3,1,1,2,1,2,0,0,0
253,C,H,I,1,2,1,2,2,1,2,1,0,0
254,F,A,I,1,3,1,2,2,1,2,0,1,0
255,E,K,I,2,3,1,2,2,1,2,0,0,0
256,H,S,X,1,2,1,1,2,1,2,0,0,0
257,D,K,C,1,3,1,2,2,1,2,0,1,1
258,D,S,I,1,3,1,2,2,1,2,0,0,0
259,H,A,X,1,3,1,2,2,1,2,0,1,1
260,H,R,X,1,2,1,1,1,1,1,0,0,0
261,H,S,X,1,2,1,1,2,1,2,0,0,0
262,B,X,O,1,3,1,1,2,1,2,0,0,0
263,C,H,O,1,2,1,2,2,1,2,0,0,0
264,F,A,I,2,3,3,2,2,1,2,0,1,0
265,E,K,C,1,3,1,2,2,1,2,0,1,0
266,C,S,O,1,3,1,1,2,1,2,0,0,0
267,D,K,C,2,3,1,2,2,2,2,2,0,0
268,C,S,O,1,2,1,2,2,1,2,0,0,0
269,C,R,O,1,2,1,2,2,1,1,0,0,0
270,B,X,O,1,3,1,1,2,1,1,0,0,0
271,H,R,X,1,3,1,1,2,1,2,0,0,0
272,E,A,I,1,3,1,1,2,1,2,0,0,0
273,B,X,O,1,2,1,1,2,1,1,0,0,0
274,H,S,X,2,3,1,2,2,1,2,0,0,0
275,E,A,I,2,2,3,2,2,1,2,0,0,0
276,E,K,I,1,2,1,2,2,1,2,1,0,0
277,H,S,X,1,3,1,1,2,1,2,0,0,0
278,D,K,C,2,3,3,2,2,2,2,0,2,0
279,C,S,I,1,2,1,2,2,1,1,0,0,0
280,B,X,O,1,3,1,1,2,1,1,0,0,0
281,E,A,I,1,3,1,2,2,1,2,0,0,0
282,B,X,O,1,3,1,1,2,1,1,0,0,0
283,H,K,X,1,2,1,2,2,1,2,0,0,0
284,F,K,I,1,3,3,2,2,2,2,0,0,0
285,E,A,I,2,2,3,2,2,1,2,0,1,0
286,H,H,X,1,3,1,1,2,1,2,0,0,0
287,D,K,C,2,2,1,2,2,2,2,1,0,0
288,C,A,O,1,3,1,2,2,1,2,0,0,0
289,E,K,I,1,3,1,1,2,1,2,0,0,0
290,H,S,X,1,2,1,2,2,1,2,0,0,0
291,F,S,O,1,2,1,2,2,1,2,0,0,0
292,E,A,I,2,2,1,2,2,1,2,2,0,0
293,H,S,X,1,2,1,1,2,1,2,0,0,0
294,D,K,C,2,2,3,2,2,2,2,1,2,0
295,H,S,X,1,1,1,2,2,1,2,0,0,0
296,E,S,I,1,3,1,1,2,1,2,0,0,0
297,H,S,X,1,2,1,2,2,1,2,0,0,0
298,F,S,O,1,2,1,2,2,1,2,0,0,0
299,E,S,O,2,2,3,2,2,1,2,0,1,0
300,H,S,X,1,2,1,1,2,1,2,0,0,0
301,D,K,C,2,2,1,2,2,2,2,1,1,0
302,H,S,X,1,2,1,2,2,1,2,0,0,0
303,C,S,O,1,2,1,2,2,1,2,0,0,0
304,B,X,O,1,3,1,1,2,1,1,0,0,0
305,B,X,O,1,3,1,1,2,1,1,0,0,0
306,H,S,X,1,3,1,1,1,1,2,0,0,0
307,H,S,X,1,2,1,2,2,1,2,0,0,0
308,E,A,O,2,3,1,2,2,1,2,0,0,0
309,H,S,X,1,3,1,1,2,1,2,0,0,0
310,D,K,C,2,2,3,2,2,2,2,1,0,1
311,H,S,X,1,3,1,2,2,1,2,0,0,0
312,C,A,O,1,2,1,2,2,1,2,0,0,0
313,D,A,O,1,3,1,1,2,1,2,0,0,0
314,D,S,O,1,3,1,1,2,1,2,0,0,0
315,C,S,O,1,1,3,2,2,1,2,0,0,0
316,H,S,X,1,2,1,1,2,1,2,0,0,0
317,D,K,C,2,3,3,2,2,2,2,0,0,0
318,C,R,O,1,2,1,2,2,1,2,0,0,0
319,D,R,O,1,3,1,1,2,1,2,0,0,0
320,E,A,O,1,3,1,1,2,1,2,0,0,0
321,C,R,O,1,3,1,1,2,1,1,0,0,0
322,E,K,C,1,3,1,1,2,2,2,0,2,0
323,H,A,X,1,3,1,1,1,1,1,0,0,0
324,D,R,O,1,3,1,1,2,1,1,0,0,0
325,C,S,O,1,3,1,1,2,1,1,0,0,0
326,H,R,X,1,2,1,1,1,1,1,0,0,0
327,H,S,X,1,1,1,1,2,1,1,0,0,0
328,C,A,O,1,2,1,1,2,1,1,0,0,0
329,B,X,O,1,3,1,1,2,1,1,0,0,0
330,C,A,O,1,3,1,1,2,1,1,0,0,0
331,C,A,O,1,2,1,1,2,1,1,1,0,0
332,B,X,O,1,3,1,1,2,1,1,0,0,0
333,C,A,O,1,2,1,1,2,1,1,0,0,0
334,B,X,O,1,3,1,1,2,1,1,0,0,0
335,B,X,I,1,2,1,1,2,1,1,0,0,0
336,C,S,O,2,2,1,1,2,1,1,0,0,0
337,B,X,O,1,3,1,1,2,1,1,0,0,0
338,B,X,O,1,2,1,1,2,1,1,0,0,0
339,D,R,I,1,3,1,1,2,1,1,1,0,0
340,H,S,X,1,3,1,1,2,1,1,0,0,0
341,B,X,O,1,2,1,1,2,1,1,0,0,0
342,B,X,O,1,2,1,2,2,1,1,0,0,0
343,H,S,X,1,2,1,1,2,1,1,0,0,0
344,B,X,O,1,3,1,1,2,1,1,0,0,0
345,B,X,O,2,2,1,2,2,1,1,0,0,0
346,C,R,O,1,3,1,1,2,1,1,5,0,0
347,B,X,O,1,2,1,2,2,1,1,0,0,0
348,B,X,O,1,3,1,1,2,1,1,0,0,0
349,D,A,I,2,3,1,1,2,1,1,2,0,0
350,B,X,O,1,3,1,1,2,1,1,0,0,0
351,D,R,O,1,3,1,1,2,1,1,0,0,0
352,B,X,O,1,3,1,1,2,1,1,0,0,0
353,B,X,O,1,1,1,2,2,1,1,0,0,0
354,B,X,O,1,1,1,1,2,1,1,0,0,0
355,C,R,I,2,1,1,2,2,1,1,0,0,0
356,B,X,O,1,3,1,1,2,1,1,0,0,0
357,D,R,I,1,3,1,2,2,1,1,0,0,0
358,B,X,O,1,2,1,1,2,1,1,0,0,0
359,C,R,O,1,3,1,1,2,1,1,0,0,0
360,E,A,C,1,3,1,1,2,1,1,3,1,0
361,H,A,X,1,2,1,1,1,1,1,1,0,0
362,B,X,O,1,2,1,2,2,1,1,1,0,0
363,B,X,O,1,3,1,1,2,1,1,0,0,0
364,B,X,O,1,2,1,1,2,1,1,0,0,0
365,D,K,I,2,3,1,2,2,1,1,2,0,0
366,E,A,I,2,2,1,1,2,1,1,8,0,0
367,D,A,I,1,3,1,2,2,1,1,0,0,0
368,B,X,O,1,3,1,1,2,1,1,0,0,0
369,H,R,X,1,2,1,1,2,1,1,0,0,0
370,C,R,O,1,2,1,1,2,1,1,0,0,0
371,D,A,O,2,3,3,2,2,1,1,2,0,0
372,E,S,O,2,3,1,2,2,1,1,5,0,0
373,C,R,O,1,3,1,1,2,1,1,0,0,0
374,E,S,I,2,3,1,2,2,1,1,0,0,0
375,C,R,O,1,3,1,1,2,1,1,0,0,0
376,D,A,I,2,3,1,2,2,1,1,0,0,0
377,E,A,I,2,3,1,2,2,1,1,4,4,0
378,H,S,X,1,3,1,1,1,1,1,0,0,0
379,D,A,O,1,3,1,1,2,1,1,1,0,0
380,D,R,O,1,3,1,1,2,1,1,1,1,0
381,D,S,O,1,3,1,2,2,1,1,0,0,0
382,B,X,O,1,2,1,1,2,1,1,0,0,0
383,D,A,I,2,2,1,2,2,1,1,0,0,0
384,E,A,I,2,3,3,2,2,1,1,6,0,0
385,H,S,X,1,1,1,1,1,1,1,0,0,0
386,D,S,I,2,3,1,1,2,1,1,0,0,0
387,D,S,O,2,3,2,1,2,1,1,1,0,0
388,D,R,O,1,3,1,1,2,1,1,0,0,0
389,D,S,O,1,3,1,2,2,1,1,0,0,0
390,D,S,O,1,3,1,1,2,1,1,0,0,0
391,D,S,O,1,2,1,2,2,1,1,0,0,0
392,E,K,C,2,3,3,2,2,2,1,6,0,0
393,H,R,X,1,3,1,1,1,1,1,0,0,0
394,D,A,O,1,2,1,2,2,1,1,2,0,0
395,C,S,I,1,3,1,1,2,1,1,1,0,0
396,C,S,O,1,2,1,1,2,1,1,0,0,0
397,B,X,O,1,3,1,1,2,1,1,1,0,0
398,B,X,O,1,3,1,1,2,1,1,0,0,0
399,D,S,O,1,2,1,2,2,1,1,1,0,0
400,D,A,I,1,3,1,1,2,1,1,0,0,0
401,D,S,O,1,2,1,2,2,1,1,0,0,0
402,F,K,C,2,3,1,2,2,2,1,0,0,0
403,D,A,I,1,3,1,2,2,1,1,0,0,0
404,C,R,O,1,2,1,1,2,1,1,0,0,0
405,C,R,O,1,3,1,1,2,1,1,0,0,0
406,B,X,O,1,3,1,1,2,1,1,1,0,0
407,D,S,O,1,2,1,2,2,1,1,0,0,0
408,H,A,X,1,2,1,2,2,1,1,0,0,0
409,D,A,O,1,3,1,2,2,1,1,0,0,0
410,F,K,C,2,2,1,2,2,1,1,4,0,0
411,D,S,I,2,2,1,2,2,1,1,0,0,0
412,B,X,O,1,2,1,1,2,1,1,0,0,0
413,C,R,O,1,3,1,1,2,1,1,0,0,0
414,B,X,O,1,3,1,1,2,1,1,1,0,0
415,B,X,O,1,3,1,1,2,1,1,0,0,0
416,D,S,O,1,2,1,1,2,1,1,3,0,0
417,H,R,X,1,2,1,2,2,1,1,0,0,0
418,H,A,X,1,2,1,2,2,1,1,0,0,0
419,C,S,O,1,2,1,2,2,1,1,0,0,0
420,F,A,I,1,2,1,2,2,2,1,1,0,0
421,D,S,O,1,2,1,2,2,1,1,1,0,0
422,C,R,O,1,2,1,1,2,1,1,0,0,0
423,D,A,C,2,3,1,1,2,1,1,2,0,0
424,B,X,O,1,1,1,1,2,1,1,0,0,0
425,E,A,I,2,3,1,1,2,1,1,2,0,0
426,H,A,X,1,2,1,2,2,1,1,0,0,0
427,C,S,O,1,3,1,2,2,1,1,1,0,0
428,F,A,C,2,3,1,2,2,2,1,2,0,0
429,D,S,O,1,2,1,2,2,1,1,0,0,0
430,D,A,I,2,3,1,2,2,1,1,3,0,0
431,B,X,O,1,3,1,1,2,1,1,0,0,0
432,E,A,I,2,3,1,2,2,1,1,0,0,0
433,D,S,O,2,3,1,2,2,1,1,0,0,0
434,F,A,I,2,2,1,2,2,1,1,2,0,0
435,H,S,X,1,1,1,2,2,1,1,1,0,0
436,D,A,I,2,2,1,2,2,1,1,0,0,0
437,B,X,O,1,2,1,1,2,1,1,0,0,0
438,E,S,I,2,2,1,2,2,1,1,0,0,0
439,H,S,X,1,2,1,1,1,1,1,0,0,0
440,F,A,C,2,2,1,2,2,1,1,1,0,0
441,H,S,X,1,2,1,2,2,1,1,0,0,0
442,E,A,O,1,2,1,2,2,1,1,1,0,0
443,E,A,I,1,2,1,2,2,1,1,1,0,0
444,B,X,O,1,3,1,1,2,1,1,0,0,0
445,C,S,O,1,3,1,1,2,1,1,1,0,0
446,H,S,X,1,2,1,2,2,1,1,0,0,0
447,F,A,I,2,2,1,2,2,1,1,0,0,0
448,E,A,O,1,2,1,2,2,1,1,0,0,0
449,E,S,I,1,2,1,2,2,1,1,0,0,0
450,E,A,O,1,3,1,1,2,1,1,2,0,0
451,H,S,X,1,2,1,1,1,1,1,0,0,0
452,E,S,O,1,1,1,2,2,1,1,0,0,0
453,E,S,I,2,3,1,2,2,1,1,0,0,0
454,C,S,O,2,2,1,1,2,1,1,1,0,0
455,E,S,O,1,2,1,1,2,1,1,0,0,0
456,E,A,I,1,2,1,2,2,1,1,0,0,0
457,H,S,X,1,2,1,1,2,1,1,2,0,0
458,E,A,O,1,3,1,1,2,1,1,0,0,0
459,H,H,X,1,2,1,1,1,1,1,0,0,0
460,B,X,O,1,3,1,1,2,1,1,0,0,0
461,C,R,O,1,3,1,1,2,1,1,0,0,0
462,E,S,I,1,2,1,2,2,1,1,0,0,0
463,C,S,O,2,3,1,1,2,1,1,0,0,0
464,E,S,O,1,3,1,1,2,1,1,0,0,0
465,H,H,X,1,3,1,1,1,1,1,0,0,0
466,B,X,O,1,3,1,1,2,1,1,0,0,0
467,H,S,X,1,2,1,1,1,1,1,1,0,0
468,B,X,O,1,3,1,1,2,1,1,0,0,0
469,C,R,O,1,2,1,1,2,1,1,3,0,0
470,D,R,O,1,2,1,1,2,1,1,0,0,0
471,E,S,O,1,2,1,2,2,1,1,0,0,0
472,C,S,O,2,2,1,1,2,1,1,0,0,0
473,E,S,O,1,3,1,1,2,1,1,0,0,0
474,C,H,O,1,3,1,1,2,1,1,0,0,0
475,B,X,O,1,1,1,1,2,1,1,0,0,0
476,H,S,X,1,2,1,1,1,1,1,0,0,0
477,B,X,O,1,3,1,1,2,1,1,0,0,0
478,E,R,C,2,3,1,1,2,1,1,0,0,0
479,D,R,I,1,3,1,1,2,1,1,0,0,0
480,H,S,X,1,1,1,2,2,1,1,0,0,0
481,C,S,O,1,2,1,1,2,1,1,0,0,0
482,E,S,O,1,2,1,1,2,1,1,2,0,0
483,C,K,O,1,2,1,1,2,1,1,2,0,0
484,H,S,X,2,2,1,1,1,1,1,0,0,0
485,B,X,O,1,2,1,1,2,1,1,0,0,0
486,E,K,C,1,3,1,2,2,1,1,0,1,0
487,E,A,I,1,3,1,2,2,1,1,0,0,0
488,C,R,O,1,3,1,1,2,1,1,0,0,0
489,H,R,X,1,1,1,2,2,1,1,0,0,0
490,H,S,X,1,2,1,1,2,1,1,0,0,0
491,E,S,O,1,2,1,1,2,1,1,0,0,0
492,C,S,O,1,3,1,1,2,1,1,0,0,0
493,H,S,X,1,2,1,1,1,1,1,0,0,0
494,E,K,C,1,3,1,2,2,2,1,2,1,0
495,E,R,O,1,3,1,2,2,2,1,0,0,0
496,H,S,X,1,3,1,1,1,1,1,0,0,0
497,H,S,X,1,1,1,1,2,1,1,0,0,0
498,D,S,O,2,2,1,1,2,1,1,0,0,0
499,C,S,O,2,1,1,1,2,1,1,0,0,0
500,H,S,X,1,1,1,1,1,1,1,0,0,0
501,B,X,O,1,3,1,1,2,1,1,0,0,0
502,E,A,C,2,1,3,2,2,1,1,5,0,0
503,E,A,O,1,1,1,2,2,1,1,3,0,0
504,H,R,X,1,3,1,1,2,1,1,0,0,0
505,H,S,X,1,2,1,1,1,1,1,0,0,0
506,H,S,X,1,2,1,1,1,1,1,0,0,0
507,H,S,X,1,3,1,1,2,1,1,0,0,0
508,H,S,X,1,3,1,1,2,1,1,1,0,0
509,H,H,X,1,3,1,1,2,1,1,0,0,0
510,H,S,X,1,3,1,1,1,1,1,0,0,0
511,F,K,C,2,3,3,2,2,2,1,1,0,0
512,E,A,O,2,2,1,2,2,1,1,1,0,0
513,D,S,O,1,3,1,1,2,1,1,1,0,0
514,H,S,X,1,3,1,1,1,1,1,0,0,0
515,C,S,O,1,3,1,1,2,1,1,0,0,0
516,H,S,X,1,2,1,1,2,1,1,0,0,0
517,H,S,X,1,2,1,1,2,1,1,0,0,0
518,C,H,O,1,3,1,1,2,1,1,1,0,0
519,B,X,O,1,1,1,1,2,1,1,0,0,0
520,F,K,C,2,3,1,2,2,2,1,0,0,0
521,E,A,O,2,2,1,2,2,1,1,0,0,0
522,D,S,I,1,3,1,1,2,1,1,0,0,0
523,H,S,X,1,3,1,1,1,1,1,0,0,0
524,C,R,I,1,3,1,1,2,1,1,0,0,0
525,D,A,O,1,3,1,1,2,1,1,1,0,0
526,H,S,X,1,2,1,1,2,1,1,0,0,0
527,C,S,O,2,3,1,1,2,1,1,1,0,0
528,C,S,O,1,2,1,1,2,1,1,0,0,0
529,F,K,I,2,2,1,2,2,2,1,1,0,0
530,E,R,O,2,2,1,2,2,1,1,0,0,0
531,C,R,I,1,3,1,1,2,1,1,0,0,0
532,D,R,O,1,3,1,1,2,1,1,0,0,0
533,D,A,I,1,3,1,1,2,1,1,0,1,0
534,D,S,O,1,3,1,1,2,1,1,1,0,0
535,C,S,O,1,3,1,1,2,1,1,0,0,0
536,H,S,X,1,1,1,1,2,1,1,0,0,0
537,H,S,X,2,2,1,1,2,1,1,0,0,0
538,F,A,I,1,2,1,2,2,1,1,2,0,0
539,C,R,I,1,3,1,1,2,1,1,1,0,0
540,D,S,O,1,3,1,1,2,1,1,0,0,0
541,C,S,I,2,2,1,2,2,1,1,0,0,0
542,D,A,O,2,3,1,1,2,1,1,0,0,0
543,C,S,O,1,2,1,1,2,1,1,3,0,0
544,H,S,X,1,2,1,1,2,1,1,0,0,0
545,H,S,X,1,3,1,1,2,1,1,0,0,0
546,F,A,I,2,2,1,2,2,1,1,1,0,1
547,D,R,I,2,2,1,1,2,1,1,0,0,0
548,D,A,I,1,3,1,1,2,1,1,0,0,0
549,D,A,O,2,2,3,2,2,1,1,0,0,0
550,D,A,O,1,2,1,1,2,1,1,0,0,0
551,D,R,O,1,3,1,1,2,1,1,1,0,0
552,H,S,X,1,2,1,1,2,1,1,0,0,0
553,H,S,X,1,2,1,1,2,1,1,0,0,0
554,F,K,I,2,3,1,2,2,2,1,3,0,0
555,D,A,I,1,2,1,2,2,1,1,0,0,0
556,D,A,I,1,3,1,2,2,1,1,0,0,0
557,B,X,I,1,2,1,2,2,1,1,0,1,0
558,D,A,O,1,3,1,1,2,1,1,0,0,0
559,D,A,O,2,3,1,1,2,1,1,0,0,0
560,C,R,O,1,3,1,1,2,1,1,0,0,0
561,B,X,O,1,3,1,1,2,1,1,1,0,0
562,B,X,O,1,2,1,1,2,1,1,0,0,0
563,H,S,X,1,3,1,1,2,1,1,0,0,0
564,H,S,X,1,2,1,1,2,1,1,0,0,0
565,F,K,I,2,2,3,2,2,1,1,0,0,0
566,D,R,C,1,3,1,2,2,1,1,1,0,0
567,D,A,I,1,2,1,2,2,1,1,0,0,0
568,H,S,X,1,1,1,2,2,1,1,0,0,0
569,D,A,O,1,2,1,1,2,1,1,0,0,0
570,D,A,O,2,3,1,1,2,1,1,0,0,0
571,D,R,O,1,2,1,1,2,1,1,0,0,0
572,B,X,O,1,2,1,1,2,1,1,0,0,0
573,C,R,O,1,2,1,1,2,1,1,0,0,0
574,B,X,I,1,3,1,1,2,1,1,0,0,0
575,H,R,X,1,2,1,1,1,1,1,0,0,0
576,H,S,X,1,2,1,1,1,1,1,0,0,0
577,F,S,O,1,1,1,2,2,1,1,0,0,0
578,D,R,I,2,2,1,2,2,1,1,0,0,0
579,C,R,O,1,2,1,2,2,1,1,1,0,0
580,H,A,X,2,3,2,2,2,1,1,0,0,0
581,H,A,X,1,2,1,1,2,1,1,0,0,0
582,D,A,I,1,2,1,1,2,1,1,0,0,0
583,H,S,X,1,1,1,1,2,1,1,0,0,0
584,D,R,O,1,3,1,1,2,1,1,0,0,0
585,D,R,O,1,3,1,1,2,1,1,0,0,0
586,C,R,O,1,3,1,1,2,1,1,0,0,0
587,H,S,X,1,2,1,2,1,1,1,0,0,0
588,C,R,O,1,3,1,1,2,1,1,0,0,0
589,D,R,O,1,3,1,1,2,1,1,0,0,0
590,C,R,O,1,1,1,2,2,1,1,0,0,0
591,H,S,X,1,2,1,2,2,1,1,0,0,0
592,H,A,X,1,3,1,1,2,1,1,0,0,0
593,D,S,I,1,2,1,2,2,1,1,0,3,0
594,B,X,O,1,3,1,1,2,1,1,0,0,0
595,B,X,I,1,3,1,1,2,1,1,0,0,0
596,D,S,I,1,3,1,1,2,1,1,0,0,0
597,H,R,X,1,3,1,1,2,1,1,0,0,0
598,H,A,X,1,2,1,2,1,1,1,0,0,0
599,H,R,X,1,2,1,1,2,1,1,0,0,0
600,B,X,O,1,3,1,1,2,1,1,0,0,0
601,B,X,O,1,3,1,1,2,1,1,0,0,0
602,B,X,O,1,3,1,1,2,1,1,0,0,0
603,C,S,O,1,2,1,2,2,1,1,0,0,0
604,B,X,O,2,1,1,2,2,1,1,0,0,0
605,H,R,X,1,2,1,2,2,1,1,0,0,0
606,D,R,O,1,1,1,1,2,1,1,0,0,0
607,D,S,O,1,2,1,2,2,1,1,0,0,0
608,B,X,O,1,2,1,1,2,1,1,0,0,0
609,C,R,O,1,1,1,1,2,1,1,0,0,0
610,C,R,O,1,2,1,2,2,1,1,0,0,0
611,C,R,O,1,3,1,1,2,1,1,0,0,0
612,C,A,O,1,3,1,2,2,1,1,0,0,0
613,H,S,X,1,3,1,1,2,1,1,0,0,0
614,C,R,O,1,3,1,1,2,1,1,0,0,0
615,H,R,X,1,1,1,1,2,1,1,0,0,0
616,C,R,I,1,3,1,1,2,1,1,2,0,0
617,D,A,O,1,3,1,2,2,1,1,0,0,0
618,B,X,O,1,3,1,1,2,1,1,0,0,0
619,H,R,X,1,3,1,1,2,1,1,0,0,0
620,C,S,O,2,2,3,2,2,1,1,1,0,0
621,H,R,X,1,3,1,1,2,1,1,0,0,0
622,C,R,O,1,2,1,2,2,1,1,0,0,0
623,C,R,O,1,2,1,1,2,1,1,0,0,0
624,H,A,X,1,2,1,2,2,1,1,0,0,0
625,C,R,O,1,3,1,1,2,1,1,0,0,0
626,B,X,O,1,3,1,1,2,1,1,0,0,0
627,D,R,I,1,3,1,1,2,1,1,2,0,0
628,H,A,X,1,2,1,2,2,1,1,0,1,0
629,C,R,O,1,3,1,1,2,1,1,0,0,0
630,H,S,X,1,3,1,2,2,1,1,0,0,0
631,B,X,O,1,2,1,1,2,1,1,0,0,0
632,H,S,X,1,2,1,1,2,1,1,0,0,0
633,C,S,O,1,2,1,2,2,1,1,0,0,0
634,C,R,O,1,1,1,1,2,1,1,0,0,0
635,H,R,X,1,3,1,1,2,1,1,0,0,0
636,E,A,I,2,3,1,2,2,1,1,1,0,0
637,D,R,I,1,2,1,2,2,1,1,0,0,0
638,C,R,O,1,2,1,1,2,1,1,0,0,0
639,B,X,O,1,3,1,1,2,1,1,0,0,0
640,C,S,O,1,2,1,1,2,1,1,1,0,0
641,H,S,X,2,2,1,2,2,1,1,0,0,0
642,B,X,O,1,3,1,1,2,1,1,0,0,0
643,C,S,O,1,3,1,2,2,1,1,0,0,0
644,D,A,I,1,3,1,1,2,1,1,0,0,0
645,E,A,I,2,2,1,2,2,1,1,0,0,0
646,D,R,I,2,3,2,2,2,1,1,0,0,0
647,C,S,O,1,3,1,1,2,1,1,0,1,0
648,H,S,X,1,2,1,2,2,1,1,0,0,0
649,C,A,O,1,2,1,2,2,1,1,0,0,0
650,C,R,O,1,2,1,2,2,1,1,0,0,0
651,C,A,I,1,2,1,2,2,1,1,0,0,0
652,B,X,O,1,2,1,2,2,1,1,0,0,0
653,D,A,I,2,3,1,1,2,1,1,0,0,0
654,C,R,O,1,3,1,1,2,1,1,0,0,0
655,B,X,O,1,3,1,1,2,1,1,0,0,0
656,H,S,X,1,2,1,2,2,1,1,0,0,0
657,C,A,O,1,3,1,2,2,1,1,0,0,0
658,D,R,I,1,2,1,2,2,1,1,0,0,0
659,C,R,O,1,2,1,2,2,1,1,0,0,0
660,B,X,I,1,3,1,2,2,1,1,0,0,0
661,D,A,I,2,3,3,2,2,1,1,2,0,0
662,D,R,O,1,3,1,1,2,1,1,1,0,0
663,B,X,O,1,3,1,1,2,1,1,0,0,0
664,D,R,O,1,3,1,1,2,1,1,0,0,0
665,H,A,X,1,2,1,2,2,1,1,0,0,0
666,B,X,O,1,1,1,2,2,1,1,0,0,0
667,C,A,O,1,2,1,2,2,1,1,0,0,0
668,D,A,I,1,2,1,2,2,1,1,4,0,0
669,C,R,O,1,1,1,1,2,1,1,0,0,0
670,C,R,O,1,1,1,1,2,1,1,0,0,0
671,H,A,X,1,2,1,2,2,1,1,0,0,0
672,C,R,O,1,2,1,2,2,1,1,0,0,0
673,D,S,O,2,3,1,2,2,1,1,1,0,0
674,B,X,O,2,3,1,1,2,1,1,0,0,0
675,C,S,O,1,3,1,1,2,1,1,0,0,0
676,B,X,O,1,3,1,1,2,1,1,0,0,0
677,B,X,O,1,3,1,1,2,1,1,0,0,0
678,H,S,X,1,2,1,2,2,1,1,0,0,0
679,D,A,I,2,2,1,2,2,1,1,0,1,0
680,H,R,X,1,2,1,1,2,1,1,0,0,0
681,D,R,O,1,2,1,1,2,1,1,0,0,0
682,H,R,X,1,2,1,1,2,1,1,0,0,0
683,H,S,X,1,2,1,1,1,1,1,0,0,0
684,H,S,X,1,3,1,2,2,1,1,0,0,0
685,D,K,I,2,3,2,2,2,1,1,2,0,0
686,B,X,O,1,2,1,1,2,1,1,0,0,0
687,B,X,I,1,2,1,1,2,1,1,0,0,0
688,B,X,O,1,2,1,1,2,1,1,0,0,0
689,H,S,X,1,2,1,1,1,1,1,0,0,0
690,B,X,O,1,3,1,1,2,1,1,0,0,0
691,H,S,X,1,2,1,1,1,1,1,0,1,0
692,D,K,I,1,3,1,2,2,1,1,4,0,0
693,B,X,O,1,1,1,1,2,1,1,0,0,0
694,B,X,O,1,3,1,1,2,1,1,0,0,0
695,H,S,X,1,2,1,1,1,1,1,0,0,0
696,C,S,O,2,3,3,1,2,1,1,0,1,0
697,B,X,O,1,3,1,1,2,1,1,0,0,0
698,D,R,O,1,2,1,1,2,1,1,0,0,0
699,D,K,I,2,3,1,2,2,1,1,3,1,0
700,B,X,O,1,3,1,1,2,1,1,0,0,0
701,H,S,X,1,2,1,1,1,1,1,0,0,0
702,C,S,O,1,3,1,1,2,1,1,0,0,0
703,B,X,O,1,3,1,1,2,1,1,0,0,0
704,D,R,O,1,3,1,1,2,1,1,0,0,0
705,C,R,O,1,3,1,1,2,1,1,0,0,0
706,D,R,O,1,3,1,1,2,1,1,0,0,0
707,D,K,I,2,2,1,2,2,1,1,1,0,0
708,D,A,I,1,3,1,1,2,1,1,0,0,0
709,H,S,X,1,2,1,1,1,1,1,0,0,0
710,C,S,O,2,2,2,1,2,1,1,0,0,0
711,D,R,O,1,2,1,1,2,1,1,0,0,0
712,B,X,O,1,2,1,1,2,1,1,0,0,0
713,B,X,O,1,2,1,1,2,1,1,0,0,0
714,B,X,O,1,3,1,1,2,1,1,1,0,0
715,B,X,O,1,3,1,1,2,1,1,0,0,0
716,D,S,O,1,2,1,1,2,1,1,1,0,0
717,D,A,I,2,2,3,2,2,1,1,0,0,0
718,D,S,O,1,3,1,1,2,1,1,1,0,0
719,D,A,I,1,2,1,2,2,1,1,0,0,0
720,C,S,O,1,3,1,1,2,1,1,0,0,0
721,H,R,X,1,3,1,1,2,1,1,0,0,0
722,C,R,O,1,3,1,1,2,1,1,0,0,0
723,B,X,O,1,2,1,1,2,1,1,0,0,0
724,B,X,O,1,3,1,1,2,1,1,0,0,0
725,D,A,I,1,3,1,1,2,1,1,0,0,0
726,H,S,X,1,2,1,1,1,1,1,0,0,0
727,C,R,O,1,3,1,1,2,1,1,1,0,0
728,H,A,X,1,1,1,2,2,1,1,0,0,0
729,H,S,X,1,1,1,1,2,1,1,0,0,0
730,D,A,I,1,3,1,2,2,1,1,0,0,0
731,H,S,X,1,1,1,1,2,1,1,0,0,0
732,C,S,O,1,2,1,1,2,1,1,0,0,0
733,D,R,O,1,2,1,1,2,1,1,1,0,0
734,D,S,I,2,3,1,1,2,1,1,0,0,0
735,D,A,C,2,3,1,2,2,1,1,0,0,0
736,H,S,X,1,3,1,1,1,1,1,0,0,0
737,D,R,O,1,2,1,1,2,1,1,0,0,0
738,C,A,O,1,3,1,1,2,1,1,0,0,0
739,D,R,O,1,3,1,1,2,1,1,0,0,0
740,H,S,X,1,3,1,1,2,1,1,0,0,0
741,H,S,X,1,2,1,1,1,1,1,0,0,0
742,B,X,O,1,2,1,1,2,1,1,0,0,0
743,E,A,I,1,3,1,2,2,1,1,1,0,0
744,D,S,O,1,3,1,1,2,1,1,0,0,0
745,H,S,X,1,3,1,1,2,1,1,0,0,0
746,H,R,X,1,1,1,1,2,1,1,0,0,0
747,D,A,O,1,1,1,2,2,1,1,0,0,0
748,D,A,I,1,2,1,2,2,1,1,0,0,0
749,H,S,X,1,2,1,1,1,1,1,0,0,0
750,C,R,O,2,2,1,1,2,1,1,0,0,0
751,C,R,O,1,3,1,1,2,1,1,0,0,0
752,D,S,I,1,3,1,1,2,1,1,1,0,0
753,H,R,X,1,2,1,1,1,1,1,0,0,0
754,H,R,X,1,2,1,1,2,1,1,0,0,0
755,E,A,C,1,3,1,2,2,1,1,0,0,0
756,D,A,O,1,3,1,1,2,1,1,0,0,0
757,C,S,O,1,3,1,1,2,1,1,0,0,0
758,H,S,X,2,2,1,1,2,1,1,0,0,0
759,D,R,O,1,3,1,2,2,1,1,0,0,0
760,C,S,O,1,2,1,2,2,1,1,0,0,0
761,H,H,X,1,2,1,1,1,1,1,0,0,0
762,C,R,O,1,3,1,1,2,1,1,0,0,0
763,D,S,I,1,3,1,2,2,1,1,1,0,0
764,C,R,O,1,3,1,1,2,1,1,0,1,0
765,H,R,X,1,3,1,1,2,1,1,0,0,0
766,H,S,X,1,2,1,2,1,1,1,0,0,0
767,H,S,X,1,2,1,1,1,1,1,0,0,0
768,D,A,O,1,1,1,2,2,1,1,0,0,0
769,D,S,I,1,3,1,1,2,1,1,0,0,0
770,H,S,X,1,3,1,1,2,1,1,0,0,0
771,C,R,I,1,3,1,2,2,1,1,0,0,0
772,D,R,I,1,3,1,2,2,1,1,0,0,0
773,H,A,X,1,2,1,1,1,1,1,0,0,0
774,B,X,O,1,2,1,1,2,1,1,0,0,0
775,E,A,I,2,3,1,2,2,1,1,2,0,0
776,D,R,O,1,3,1,1,2,1,1,0,1,0
777,H,H,X,1,3,1,2,1,1,1,0,0,0
778,D,A,I,1,2,1,1,2,1,1,0,0,0
779,D,R,O,1,3,1,1,2,1,1,0,0,0
780,B,X,O,1,3,1,1,2,1,1,0,0,0
781,D,S,I,1,3,1,2,2,1,1,0,0,0
782,H,S,X,1,2,1,1,2,1,1,0,0,0
783,D,A,I,1,3,1,2,2,1,1,0,0,0
784,C,R,O,1,3,1,1,2,1,1,0,0,0
785,D,R,O,1,2,1,2,2,1,1,0,0,0
786,H,S,X,1,3,1,1,1,1,1,0,0,0
787,D,R,O,1,3,1,1,2,1,1,0,0,0
788,E,A,I,2,2,1,2,2,1,1,3,0,0
789,D,A,I,2,3,3,1,2,1,1,1,0,0
790,B,X,O,1,2,1,1,2,1,1,0,0,0
791,H,A,X,1,3,1,2,1,1,1,0,0,0
792,D,A,I,1,3,1,2,2,1,1,3,0,0
793,C,R,O,1,2,1,1,2,1,1,0,0,0
794,D,S,O,1,1,1,2,2,1,1,0,0,0
795,H,S,X,1,2,1,1,2,1,1,0,0,0
796,D,R,O,1,1,1,2,2,1,1,0,0,0
797,C,R,O,1,2,1,1,2,1,1,0,0,0
798,B,X,O,1,2,1,2,2,1,1,0,0,0
799,H,S,X,1,3,1,1,1,1,1,0,0,0
800,C,R,O,1,2,1,1,2,1,1,0,0,0
801,E,A,O,2,2,1,2,2,1,1,4,0,0
802,E,A,I,1,3,1,2,2,1,1,0,0,0
803,H,A,X,1,3,1,2,1,1,1,0,0,0
804,D,A,I,2,3,1,2,2,1,1,0,1,0
805,C,R,O,1,3,1,1,2,1,1,0,0,0
806,D,S,O,1,2,1,2,2,1,1,0,0,0
807,H,S,X,1,2,1,1,2,1,1,0,0,0
808,D,R,O,1,3,1,2,2,1,1,0,0,0
809,H,S,X,1,2,1,1,1,1,1,0,0,0
810,C,A,O,1,1,1,1,2,1,1,0,0,0
811,E,A,I,1,2,1,2,2,1,1,0,0,0
812,E,A,C,2,2,1,2,2,1,1,0,0,0
813,H,A,X,1,2,1,2,1,1,1,0,0,0
814,D,A,C,2,2,3,2,2,1,1,0,0,0
815,E,S,I,1,2,1,2,2,1,1,0,0,0
816,H,R,X,1,2,1,1,1,1,1,0,0,0
817,H,S,X,1,3,1,1,2,1,1,0,0,0
818,D,A,I,1,3,1,2,2,1,1,0,1,0
819,H,S,X,1,3,1,1,1,1,1,0,0,0
820,E,A,O,2,3,1,2,2,1,1,0,0,0
821,E,A,O,1,2,1,2,2,1,1,1,0,0
822,C,A,O,1,2,1,2,2,1,1,0,0,0
823,D,A,C,1,2,1,2,2,1,1,0,0,0
824,E,S,I,1,3,1,2,2,1,1,5,1,0
825,H,R,X,1,3,1,1,1,1,1,0,0,0
826,D,R,I,1,3,1,1,2,1,1,1,0,0
827,H,S,X,1,3,1,1,1,1,1,0,0,0
828,H,S,X,1,3,1,2,1,1,1,0,0,0
829,D,S,I,1,3,1,2,2,1,1,0,0,0
830,H,S,X,1,2,1,1,1,1,1,0,0,0
831,H,A,X,1,2,1,2,2,1,1,0,0,0
832,F,A,I,1,2,1,2,2,1,1,4,0,0
833,C,A,O,1,3,1,2,2,1,1,0,0,0
834,C,A,I,1,2,1,2,2,1,1,0,0,0
835,E,A,I,1,3,1,2,2,1,1,0,0,0
836,H,S,X,1,2,1,1,1,1,1,1,0,0
837,D,R,I,2,3,1,2,2,1,1,1,0,0
838,H,S,X,1,2,1,2,1,1,1,0,0,0
839,B,X,O,1,3,1,1,2,1,1,0,0,0
840,D,S,O,1,1,3,2,2,1,1,0,0,0
841,H,S,X,1,2,1,1,1,1,1,0,0,0
842,F,A,I,2,2,1,2,2,1,1,3,0,0
843,C,R,O,1,2,1,2,2,1,1,0,0,0
844,E,A,I,2,3,3,2,2,1,1,1,0,0
845,H,S,X,1,3,1,1,1,1,1,0,0,0
846,C,A,I,1,2,1,2,2,1,1,0,0,0
847,H,S,X,1,2,1,2,1,1,1,0,0,0
848,D,R,I,1,3,1,1,2,1,1,0,0,0
849,C,R,O,1,3,1,1,2,1,1,0,0,0
850,H,S,X,1,2,1,1,1,1,1,0,0,0
851,F,A,I,2,2,1,2,2,1,1,0,0,0
852,C,R,O,1,2,1,2,2,1,1,0,0,0
853,H,S,X,1,3,1,2,2,1,1,1,0,0
854,E,A,I,1,3,1,2,2,1,1,0,0,0
855,H,S,X,2,2,1,1,1,1,1,1,0,0
856,C,A,I,2,3,1,2,2,1,1,0,0,0
857,H,S,X,1,2,1,2,1,1,1,0,0,0
858,D,R,I,1,3,1,2,2,1,1,0,0,0
859,C,R,O,1,3,1,1,2,1,1,0,0,0
860,H,S,X,1,2,1,1,1,1,1,0,0,0
861,F,A,I,1,1,1,2,2,1,1,0,0,0
862,H,R,X,1,1,1,2,2,1,1,0,0,0
863,H,S,X,2,3,1,2,2,1,1,0,0,0
864,E,S,I,2,2,1,2,2,1,1,3,0,0
865,H,S,X,1,3,1,1,1,1,1,0,0,0
866,D,R,I,1,2,1,2,2,1,1,0,0,0
867,H,R,X,1,2,1,2,1,1,1,0,0,0
868,D,A,O,1,2,1,2,2,1,1,0,0,0
869,H,R,X,1,1,1,1,2,1,1,0,0,0
870,B,X,O,1,2,1,1,2,1,1,0,0,0
871,H,S,X,1,2,1,2,1,1,1,0,0,0
872,H,S,X,1,2,1,2,2,1,1,0,0,0
873,E,S,I,2,2,1,2,2,1,1,0,0,0
874,C,S,O,2,2,1,1,2,1,1,0,0,0
875,C,R,O,1,1,1,2,2,1,1,0,0,0
876,H,S,X,1,2,1,2,1,1,1,0,0,0
877,B,X,O,1,3,1,1,2,1,1,0,0,0
878,H,S,X,1,3,1,1,1,1,1,0,0,0
879,H,S,X,1,2,1,2,2,1,1,0,0,0
880,D,A,I,2,2,1,2,2,1,1,1,0,0
881,H,S,X,1,2,1,1,2,1,1,0,0,0
882,B,X,O,1,2,1,2,2,1,1,0,0,0
883,H,S,X,1,2,1,2,1,1,1,0,0,0
884,C,R,O,1,3,1,1,2,1,1,0,0,0
885,D,S,O,2,3,1,2,2,1,1,0,0,0
886,D,H,O,1,3,1,1,2,1,1,0,0,0
887,D,R,O,1,3,1,1,2,1,1,0,0,0
888,C,S,O,1,2,1,1,2,1,1,0,0,0
889,H,S,X,1,2,1,2,2,1,1,0,0,0
890,D,A,I,1,2,1,2,2,1,1,0,0,0
891,H,S,X,1,2,1,1,2,1,1,0,0,0
892,H,R,X,1,2,1,2,1,1,1,0,0,0
893,C,S,O,1,3,1,2,2,1,1,0,0,0
894,C,S,I,1,3,1,1,2,1,1,0,0,0
895,H,R,X,1,2,1,1,2,1,1,0,0,0
896,C,S,O,1,3,1,1,2,1,1,0,0,0
897,H,S,X,1,2,1,2,2,1,1,0,0,0
898,D,A,O,1,3,1,2,2,1,1,0,0,0
899,H,S,X,1,2,1,1,2,1,1,0,0,0
900,H,R,X,1,3,1,2,1,1,1,0,0,0
901,B,X,O,1,3,1,1,2,1,1,0,0,0
902,C,S,O,1,2,1,2,2,1,1,1,0,0
903,C,S,O,1,2,1,1,2,1,1,0,0,0
904,C,R,O,1,3,1,1,2,1,1,0,0,0
905,C,S,O,1,1,1,1,2,1,1,0,0,0
906,B,X,O,1,3,1,1,2,1,1,0,0,0
907,C,S,O,1,2,1,1,2,1,1,1,0,0
908,D,A,I,1,3,1,2,2,1,1,1,0,0
909,H,S,X,1,2,1,1,2,1,1,0,0,0
910,H,S,X,1,3,1,2,1,1,1,0,0,0
911,C,S,O,1,3,1,1,2,1,1,1,0,0
912,C,S,O,1,3,1,2,2,1,1,2,1,0
913,H,S,X,1,3,1,1,2,1,1,1,0,0
914,C,R,O,1,2,1,1,2,1,1,0,0,0
915,D,S,O,1,3,1,1,2,1,1,0,0,0
916,H,S,X,2,3,1,1,2,1,1,0,0,0
917,H,S,X,1,3,1,1,2,1,1,0,0,0
918,D,A,O,1,2,1,2,2,1,1,1,0,0
919,H,S,X,1,2,1,1,2,1,1,0,0,0
920,H,S,X,1,2,1,2,1,1,1,0,0,0
921,D,S,I,1,3,1,1,2,1,1,0,0,0
922,D,A,I,2,2,1,2,2,1,1,1,0,0
923,F,S,O,2,2,1,1,2,1,1,0,0,0
924,H,R,X,1,2,1,1,2,1,1,0,0,0
925,C,R,I,1,2,1,1,2,1,1,2,0,0
926,H,S,X,1,2,1,1,2,1,1,0,0,0
927,H,S,X,1,2,1,1,2,1,1,0,0,0
928,D,A,O,1,3,1,2,2,1,1,0,0,0
929,D,A,I,2,2,1,2,2,1,1,2,0,0
930,D,S,O,2,2,3,2,2,1,1,0,0,0
931,F,H,O,1,2,1,1,2,1,1,0,0,0
932,C,R,O,1,3,1,1,2,1,1,0,0,0
933,D,R,I,1,3,1,1,2,1,1,0,0,0
934,C,S,O,1,2,1,1,2,1,1,0,0,0
935,H,R,X,1,2,1,1,2,1,1,0,0,0
936,H,R,X,1,3,1,1,1,1,1,0,0,0
937,D,S,O,1,3,1,1,2,1,1,0,0,0
938,D,S,I,1,1,1,2,2,1,1,0,0,0
939,C,R,I,1,2,1,2,2,1,1,1,0,0
940,C,S,O,1,3,1,1,2,1,1,0,0,0
941,B,X,I,2,2,1,2,2,1,1,0,0,0
942,H,S,X,1,3,1,1,2,1,1,0,0,0
943,B,X,O,1,3,1,1,2,1,1,0,0,0
944,C,S,I,1,3,1,1,2,1,1,0,0,0
945,H,R,X,2,1,1,2,2,1,1,0,0,0
946,C,S,O,1,2,1,2,2,1,1,0,0,0
947,H,S,X,1,2,1,1,2,1,1,0,0,0
948,B,X,I,1,2,1,2,2,1,1,1,0,0
949,C,S,O,1,2,1,1,2,1,1,0,0,0
950,B,X,O,1,3,1,1,2,1,1,0,0,0
951,D,A,O,1,3,1,1,2,1,1,0,0,0
952,C,S,O,1,2,1,1,2,1,1,0,0,0
953,B,X,O,1,3,1,1,2,1,1,0,0,0
954,C,S,O,2,2,1,2,2,1,1,0,0,0
955,C,S,I,1,3,1,1,2,1,1,0,0,0
956,C,R,O,1,2,1,2,2,1,1,0,0,0
957,C,S,O,1,3,1,1,2,1,1,0,0,0
958,D,A,I,1,2,1,1,2,1,1,0,0,0
959,E,A,I,1,3,1,1,2,1,1,0,0,0
960,H,R,X,1,3,1,1,2,1,1,0,0,0
961,C,R,O,1,3,1,1,2,1,1,0,0,0
962,H,S,X,1,1,1,2,2,1,1,0,0,0
963,D,S,O,1,2,1,1,2,1,1,0,0,0
964,C,S,O,2,3,1,2,2,1,1,0,0,0
965,C,S,O,1,3,1,1,2,1,1,0,0,0
966,D,A,O,1,2,1,2,2,1,1,0,0,0
967,F,S,I,1,3,1,2,2,1,1,2,0,0
968,D,A,I,1,2,1,1,2,1,1,0,0,0
969,C,R,O,1,3,1,1,2,1,1,0,0,0
970,D,A,I,1,3,1,1,2,1,1,1,0,0
971,E,S,O,1,3,1,1,2,1,1,6,0,0
972,H,S,X,1,2,1,2,2,1,1,0,0,0
973,C,S,O,1,2,1,1,2,1,1,0,0,0
974,H,S,X,1,1,1,1,2,1,1,0,0,0
975,C,S,O,1,3,1,2,2,1,1,0,0,0
976,F,S,I,1,3,1,2,2,1,1,1,0,0
977,D,R,O,1,2,1,2,2,1,1,0,0,0
978,D,A,I,2,3,1,2,2,1,1,0,0,0
979,D,R,C,2,3,1,1,2,1,1,1,0,0
980,H,K,X,1,3,1,1,1,1,1,0,0,0
981,C,R,O,1,2,1,1,2,1,1,0,0,0
982,H,S,X,1,2,1,1,2,1,1,0,0,0
983,H,A,X,1,1,1,2,2,1,1,0,0,0
984,F,S,I,2,2,1,2,2,1,1,0,0,0
985,B,X,O,1,2,1,2,2,1,1,0,0,0
986,D,S,I,1,2,1,2,2,1,1,0,0,0
987,E,H,C,2,3,1,2,2,1,1,0,0,0
988,B,X,O,1,2,1,1,2,1,1,0,0,0
989,C,H,O,1,3,1,2,2,1,1,0,0,0
990,B,X,O,1,3,1,1,2,1,1,0,0,0
991,H,R,X,1,2,1,1,2,1,1,0,0,0
992,H,R,X,1,3,1,2,2,1,1,0,0,0
993,F,R,I,1,2,1,2,2,1,1,1,0,0
994,H,S,X,1,1,1,2,2,1,1,0,0,0
995,D,A,I,1,3,1,2,2,1,1,1,0,0
996,E,K,I,2,3,1,2,2,2,1,1,0,0
997,F,H,O,1,2,1,2,2,1,1,1,0,0
998,B,X,O,1,3,1,1,2,1,1,0,0,0
999,H,R,X,1,2,1,1,2,1,1,0,0,0
1000,B,X,O,1,2,1,2,2,1,1,0,0,0
1001,D,A,I,1,2,1,2,2,1,1,1,0,0
1002,F,K,I,1,2,1,2,2,1,1,1,0,0
1003,E,H,O,2,2,1,2,2,1,1,1,0,0
1004,B,X,I,1,3,1,1,2,1,1,0,0,0
1005,H,S,X,1,2,1,2,1,1,1,0,0,0
1006,H,R,X,1,2,1,1,2,1,1,0,0,0
1007,B,X,O,1,1,1,2,2,1,1,0,0,0
1008,D,S,I,2,2,1,2,2,1,1,1,0,0
1009,E,K,I,2,2,1,2,2,1,1,2,0,0
1010,F,H,O,1,3,1,2,2,1,1,0,0,0
1011,C,R,O,1,3,1,1,2,1,1,0,0,0
1012,C,S,O,1,3,1,2,2,1,1,0,0,0
1013,H,R,X,1,1,1,2,2,1,1,0,0,0
1014,B,X,I,1,1,1,2,2,1,1,0,0,0
1015,F,K,I,1,2,1,2,2,1,1,4,0,0
1016,D,H,I,2,3,1,2,2,1,1,0,0,0
1017,C,R,O,1,2,1,1,2,1,1,0,0,0
1018,H,S,X,1,3,1,2,2,1,1,0,0,0
1019,H,R,X,1,2,1,1,2,1,1,0,0,0
1020,B,X,O,1,3,1,1,2,1,1,0,0,0
1021,H,S,X,1,3,1,1,1,1,1,0,0,0
1022,H,R,X,1,3,1,2,2,1,1,0,0,0
1023,F,A,I,2,3,1,2,2,2,1,1,1,0
1024,E,H,I,1,3,1,2,2,1,1,1,1,0
1025,H,S,X,1,2,1,2,2,1,1,0,0,0
1026,H,R,X,1,2,1,1,2,1,1,0,0,0
1027,H,S,X,1,3,1,1,1,1,1,0,0,0
1028,H,R,X,1,3,1,2,2,1,1,0,0,0
1029,F,A,I,2,3,1,2,2,1,1,0,0,0
1030,E,H,I,1,3,1,2,2,1,1,3,0,0
1031,H,S,X,1,3,1,2,2,1,1,0,0,0
1032,H,R,X,1,3,1,1,2,1,1,0,0,0
1033,H,S,X,1,3,1,1,1,1,1,0,0,0
1034,B,X,O,1,3,1,1,2,1,1,0,0,0
1035,F,A,I,2,2,3,2,2,1,1,0,0,0
1036,E,H,O,2,2,2,2,2,1,1,0,0,0
1037,H,S,X,1,2,1,2,2,1,1,0,0,0
1038,H,R,X,1,2,1,1,2,1,1,0,0,0
1039,C,S,I,1,3,1,1,2,1,1,0,0,0
1040,F,A,I,1,2,1,2,2,1,1,1,0,0
1041,E,H,O,2,2,1,2,2,1,1,1,0,0
1042,H,S,X,1,3,1,2,2,1,1,0,0,0
1043,H,R,X,1,3,1,1,2,1,1,0,0,0
1044,D,S,I,1,3,1,1,2,1,1,0,0,0
1045,F,A,I,1,2,1,2,2,1,1,0,0,0
1046,E,A,O,1,2,1,2,2,1,1,1,0,0
1047,H,S,X,1,3,1,2,2,1,1,0,0,0
1048,D,S,I,1,3,1,2,2,1,1,0,0,0
1049,C,R,O,1,2,1,1,2,1,1,0,0,0
1050,B,X,O,1,3,1,1,2,1,1,0,0,0
1051,F,A,I,2,2,1,2,2,1,1,1,0,0
1052,H,S,X,1,3,1,2,2,1,1,0,0,0
1053,D,A,O,1,3,1,2,2,1,1,0,0,0
1054,B,X,O,1,3,1,1,2,1,1,0,0,0
1055,B,X,O,1,2,1,1,2,1,1,0,0,0
1056,B,X,O,1,2,1,1,2,1,1,0,0,0
1057,B,X,I,1,3,1,1,2,1,1,0,0,0
1058,E,S,O,1,1,1,2,2,1,1,0,0,0
1059,D,A,I,1,3,1,2,2,1,1,0,0,0
1060,H,R,X,1,3,1,1,2,1,1,0,0,0
1061,C,R,O,1,3,1,1,2,1,1,0,0,0
1062,B,X,O,1,3,1,1,2,1,1,0,0,0
1063,H,S,X,1,2,1,2,1,1,1,0,0,0
1064,H,R,X,2,2,1,2,2,1,1,0,0,0
1065,C,S,O,1,3,1,1,2,1,1,0,0,0
1066,D,A,I,1,3,1,2,2,1,1,0,0,0
1067,H,R,X,1,2,1,1,2,1,1,0,0,0
1068,B,X,O,1,2,1,1,2,1,1,0,0,0
1069,C,R,O,1,2,1,1,2,1,1,0,0,0
1070,H,S,X,1,2,1,2,1,1,1,0,0,0
1071,B,X,I,1,3,1,1,2,1,1,0,0,0
1072,H,S,X,1,2,1,1,1,1,1,0,0,0
1073,H,A,X,1,2,1,1,2,1,1,0,0,0
1074,C,A,O,1,2,1,2,2,1,1,0,0,0
1075,B,X,O,1,3,1,1,2,1,1,0,0,0
1076,B,X,I,1,3,1,1,2,1,1,0,0,0
1077,B,X,O,1,3,1,1,2,1,1,0,0,0
1078,H,S,X,1,3,1,2,1,1,1,0,0,0
1079,C,R,O,1,3,1,1,2,1,1,0,0,0
1080,C,S,O,1,3,1,1,2,1,1,0,0,0
1081,H,A,X,1,3,1,1,2,1,1,0,0,0
1082,E,A,O,1,3,1,2,2,1,1,0,0,0
1083,B,X,O,1,3,1,1,2,1,1,0,0,0
1084,H,S,X,1,2,1,2,1,1,1,0,0,0
1085,C,R,O,1,2,1,1,2,1,1,0,0,0
1086,H,S,X,1,3,1,1,2,1,1,0,0,0
1087,C,A,O,1,2,1,2,2,1,1,0,0,0
1088,C,R,O,1,3,1,1,2,1,1,0,0,0
1089,H,S,X,1,2,1,2,1,1,1,0,0,0
1090,H,R,X,1,1,1,1,2,1,1,1,0,0
1091,H,S,X,1,1,1,1,2,1,1,0,0,0
1092,C,S,I,1,3,1,1,2,1,1,1,0,0
1093,H,A,X,1,3,1,2,1,1,1,0,0,0
1094,B,X,I,1,2,1,1,2,1,1,0,0,0
1095,H,S,X,1,2,1,1,2,1,1,0,0,0
1096,B,X,O,2,2,1,2,2,1,1,2,0,0
1097,C,S,O,1,2,1,1,2,1,1,0,0,0
1098,C,A,O,1,3,1,2,2,1,1,0,0,0
1099,B,X,O,2,2,1,1,2,1,1,0,0,0
1100,H,S,X,1,2,1,1,2,1,1,0,0,0
1101,H,R,X,1,2,1,1,2,1,1,0,0,0
1102,C,R,O,1,3,1,1,2,1,1,0,0,0
1103,B,X,O,1,3,1,1,2,1,1,0,0,0
1104,C,S,O,2,2,1,1,2,1,1,0,0,0
1105,H,A,X,1,2,1,2,2,1,1,0,0,0
1106,B,X,O,1,1,1,1,2,1,1,0,0,0
1107,H,S,X,1,2,1,1,2,1,1,0,0,0
1108,B,X,O,1,3,1,1,2,1,1,0,0,0
1109,H,R,X,1,2,1,1,2,1,1,0,0,0
1110,C,R,O,1,2,1,1,2,1,1,0,0,0
1111,H,A,X,1,2,1,2,2,1,1,0,0,0
1112,H,H,X,1,3,1,1,2,1,1,0,0,0
1113,B,X,O,1,1,1,1,2,1,1,0,0,0
1114,H,R,X,1,1,1,1,2,1,1,0,0,0
1115,H,S,X,1,2,1,1,2,1,1,1,0,0
1116,C,R,O,1,3,1,1,2,1,1,0,0,0
1117,H,A,X,1,3,1,2,2,1,1,0,0,0
1118,H,H,X,1,2,1,1,2,1,1,0,0,0
1119,B,X,O,1,3,1,1,2,1,1,0,0,0
1120,H,S,X,1,2,1,1,2,1,1,1,0,0
1121,C,R,O,1,2,1,1,2,1,1,0,0,0
1122,B,X,O,1,1,1,2,2,1,1,0,0,0
1123,H,S,X,1,2,1,1,2,1,1,0,0,0
1124,C,S,O,2,2,1,1,2,1,1,0,0,0
1125,B,X,O,1,3,1,1,2,1,1,1,0,0
1126,C,S,O,1,2,1,1,2,1,1,0,0,0
1127,B,X,O,1,2,1,2,2,1,1,0,0,0
1128,H,S,X,1,3,1,1,2,1,1,0,0,0
1129,C,S,O,2,3,1,1,2,1,1,0,0,0
1130,B,X,O,2,3,1,1,2,1,1,0,0,0
1131,C,S,O,1,3,1,1,2,1,1,0,0,0
1132,B,X,O,1,2,1,1,2,1,1,0,0,0
1133,H,S,X,1,3,1,1,1,1,1,0,0,0
1134,H,A,X,1,3,1,1,1,1,1,0,0,0
1135,H,A,X,1,3,1,1,1,1,1,0,0,0
1136,H,A,X,1,2,1,1,1,1,1,0,0,0
1137,H,A,X,1,2,1,1,1,1,1,0,0,0
1138,H,S,X,1,3,1,1,2,1,1,0,0,0
1139,D,A,I,1,3,1,2,2,1,1,2,0,0
1140,H,S,X,1,2,1,1,2,1,1,0,0,0
1141,D,R,O,1,2,1,1,2,1,1,1,0,0
1142,D,A,I,1,3,1,1,2,1,1,0,1,0
1143,C,A,O,1,3,1,1,2,1,1,0,0,0
1144,H,S,X,1,2,1,1,1,1,1,0,0,0
1145,H,S,X,1,2,1,1,1,1,1,0,0,0
1146,C,S,O,1,3,1,1,2,1,1,0,0,0
1147,B,X,O,1,3,1,1,2,1,1,0,0,0
1148,H,S,X,1,2,1,1,1,1,1,0,0,0
1149,H,S,X,1,3,1,1,2,1,1,0,0,0
1150,D,A,I,1,3,1,2,2,1,1,3,0,0
1151,H,S,X,1,2,1,1,2,1,1,0,0,0
1152,D,R,O,1,3,1,1,2,1,1,0,0,0
1153,D,A,I,1,3,1,2,2,1,1,0,1,0
1154,C,A,O,1,3,1,1,2,1,1,0,0,0
1155,H,S,X,1,2,1,1,1,1,1,0,0,0
1156,H,S,X,1,2,1,1,1,1,1,0,0,0
1157,H,S,X,1,2,1,1,2,1,1,0,0,0
1158,H,S,X,1,3,1,1,1,1,1,2,0,0
1159,D,H,O,1,3,1,2,2,1,1,0,0,0
1160,H,S,X,1,2,1,1,2,1,1,0,0,0
1161,C,R,O,2,2,1,1,2,1,1,0,0,0
1162,D,S,O,2,2,2,2,2,1,1,1,1,0
1163,C,R,O,1,2,1,1,2,1,1,0,0,0
1164,H,S,X,1,3,1,1,1,1,1,0,0,0
1165,H,S,X,1,3,1,1,1,1,1,0,0,0
1166,C,S,O,1,3,1,1,2,1,1,3,0,0
1167,F,A,I,1,3,1,1,2,1,1,0,0,0
1168,E,S,O,1,2,1,2,2,1,1,0,0,0
1169,H,S,X,1,2,1,1,2,1,1,0,0,0
1170,D,R,O,1,2,1,1,2,1,1,0,0,0
1171,C,S,O,2,2,3,2,2,1,1,0,0,0
1172,H,S,X,1,1,1,1,2,1,1,0,0,0
1173,D,S,O,1,1,1,1,2,1,1,0,0,0
1174,C,S,O,1,3,1,1,2,1,1,0,0,0
1175,D,A,I,2,3,1,1,2,1,1,3,0,0
1176,C,A,O,1,3,1,2,2,1,1,0,0,0
1177,H,S,X,1,2,1,2,1,1,1,0,0,0
1178,H,S,X,1,2,1,1,2,1,1,0,0,0
1179,C,R,O,1,2,1,1,2,1,1,0,0,0
1180,H,S,X,1,1,2,2,2,1,1,0,0,0
1181,C,S,O,1,3,1,1,2,1,1,0,0,0
1182,C,S,O,1,3,1,1,2,1,1,0,0,0
1183,D,K,I,2,3,1,2,2,1,1,2,0,0
1184,E,A,I,1,3,1,2,2,1,1,3,0,0
1185,H,S,X,1,2,1,2,1,1,1,0,0,0
1186,C,R,O,1,3,1,1,2,1,1,0,0,0
1187,H,S,X,1,3,1,1,2,1,1,0,0,0
1188,C,R,O,1,2,1,1,2,1,1,0,0,0
1189,H,S,X,1,3,1,2,2,1,1,0,0,0
1190,C,S,O,1,2,1,1,2,1,1,0,0,0
1191,C,S,O,1,2,1,1,2,1,1,0,0,0
1192,D,K,I,2,3,1,2,2,1,1,0,0,0
1193,E,A,I,1,2,1,2,2,1,1,0,0,0
1194,H,S,X,1,3,1,2,1,1,1,0,0,0
1195,C,R,O,1,3,1,1,2,1,1,0,0,0
1196,B,X,O,1,3,1,1,2,1,1,0,0,0
1197,B,X,O,1,2,1,1,2,1,1,1,0,0
1198,H,S,X,1,2,1,1,2,1,1,0,0,0
1199,H,R,X,1,1,1,1,2,1,1,0,0,0
1200,H,S,X,1,2,1,2,2,1,1,0,0,0
1201,H,S,X,1,1,1,1,2,1,1,0,0,0
1202,H,S,X,1,2,1,1,2,1,1,0,0,0
1203,D,A,I,2,2,1,2,2,1,1,1,0,0
1204,D,S,I,2,3,1,2,2,1,1,0,0,0
1205,H,S,X,1,2,1,2,1,1,1,0,0,0
1206,C,R,O,1,2,1,1,2,1,1,0,0,0
1207,D,R,O,1,3,1,1,2,1,1,0,0,0
1208,D,S,O,1,3,1,1,2,1,1,2,2,0
1209,H,S,X,1,2,1,2,2,1,1,0,0,0
1210,H,S,X,1,2,1,1,2,1,1,0,0,0
1211,H,S,X,1,1,1,1,2,1,1,0,0,0
1212,D,S,O,1,2,1,2,2,1,1,3,0,0
1213,D,S,O,1,2,1,2,2,1,1,0,0,0
1214,H,S,X,1,2,1,2,1,1,1,0,0,0
1215,D,S,O,1,3,1,1,2,1,1,0,0,0
1216,E,S,O,2,3,3,1,2,1,1,0,0,0
1217,B,X,O,1,3,1,1,2,1,1,0,0,0
1218,H,S,X,1,3,1,2,2,1,1,0,0,0
1219,H,S,X,1,2,1,1,2,1,1,0,0,0
1220,H,S,X,1,2,1,1,2,1,1,0,0,0
1221,D,K,I,2,2,1,2,2,1,1,3,0,0
1222,C,S,O,1,2,1,2,2,1,1,0,0,0
1223,H,S,X,1,3,1,2,1,1,1,0,0,0
1224,B,X,O,1,3,1,1,2,1,1,0,0,0
1225,D,A,I,1,3,1,1,2,1,1,1,0,0
1226,C,S,O,2,2,2,1,2,1,1,0,0,0
1227,D,R,O,1,3,1,1,2,1,1,0,0,0
1228,H,S,X,1,2,1,2,2,1,1,0,0,0
1229,H,S,X,1,2,1,1,2,1,1,0,0,0
1230,H,S,X,1,3,1,1,2,1,1,0,0,0
1231,D,K,I,2,2,1,2,2,1,1,0,0,0
1232,C,S,O,1,2,1,2,2,1,1,0,0,0
1233,H,S,X,1,3,1,2,1,1,1,0,0,0
1234,B,X,O,1,1,1,1,2,1,1,0,0,0
1235,D,A,I,1,3,1,2,2,1,1,0,0,0
1236,C,S,O,1,2,1,1,2,1,1,0,0,0
1237,D,R,O,1,3,1,1,2,1,1,0,0,0
1238,H,S,X,1,2,1,2,2,1,1,0,0,0
1239,H,S,X,1,2,1,1,2,1,1,0,0,0
1240,E,A,O,1,2,1,2,2,1,1,0,1,0
1241,C,S,O,1,1,1,2,2,1,1,0,0,0
1242,H,S,X,1,3,1,2,1,1,1,0,0,0
1243,H,R,X,1,2,1,1,2,1,1,0,0,0
1244,E,A,C,2,2,1,2,2,1,1,0,0,0
1245,D,A,I,1,3,1,1,2,1,1,0,0,0
1246,D,A,I,1,3,1,1,2,1,1,0,0,0
1247,E,S,I,1,3,1,1,2,1,1,0,0,0
1248,D,S,I,1,3,1,1,2,1,1,0,0,0
1249,H,S,X,1,2,1,1,2,1,1,0,0,0
1250,C,A,O,2,2,3,2,2,1,1,0,0,0
1251,C,S,O,1,3,1,2,2,1,1,0,0,0
1252,H,S,X,1,2,1,2,1,1,1,0,0,0
1253,H,R,X,1,3,1,1,2,1,1,0,0,0
1254,E,A,I,1,2,1,2,2,1,1,0,0,0
1255,D,K,I,1,3,1,2,2,1,1,1,0,0
1256,D,A,O,1,3,1,2,2,1,1,0,0,0
1257,E,K,I,1,3,1,2,2,2,1,0,0,0
1258,D,K,I,1,3,1,2,2,1,1,0,0,0
1259,H,R,X,1,3,1,1,2,1,1,0,0,0
1260,H,S,X,1,3,1,1,1,1,1,0,0,0
1261,C,A,O,1,2,1,2,2,1,1,0,0,0
1262,C,S,O,1,2,1,2,2,1,1,0,0,0
1263,H,S,X,1,3,1,2,1,1,1,0,0,0
1264,D,K,I,2,2,1,2,2,1,1,0,0,0
1265,B,X,O,1,2,1,2,2,1,1,0,0,0
1266,E,K,I,1,2,1,2,2,1,1,1,0,0
1267,D,K,I,1,3,1,2,2,1,1,1,0,0
1268,H,R,X,1,3,1,1,2,1,1,1,0,0
1269,H,S,X,1,3,1,1,1,1,1,0,0,0
1270,H,S,X,1,1,1,2,2,1,1,0,0,0
1271,H,S,X,1,3,1,2,1,1,1,0,0,0
1272,D,A,I,1,2,1,2,2,1,1,0,0,0
1273,F,K,C,1,2,1,2,2,2,1,0,1,1
1274,E,K,C,2,3,1,2,2,2,1,0,0,0
1275,D,A,I,1,3,1,1,2,1,1,0,2,0
1276,C,R,O,1,3,1,1,2,1,1,0,0,0
1277,H,R,X,1,2,1,1,2,1,1,0,0,0
1278,B,X,O,1,3,1,1,2,1,1,0,0,0
1279,H,S,X,1,2,1,2,1,1,1,0,0,0
1280,D,A,I,1,2,1,2,2,1,1,1,0,0
1281,E,K,C,2,2,3,2,2,2,1,0,0,0
1282,F,K,C,1,3,1,2,2,2,1,0,0,0
1283,D,K,C,2,3,1,2,2,2,1,1,3,2
1284,C,S,I,1,2,1,1,2,1,1,0,0,0
1285,H,S,X,1,3,1,1,2,1,1,0,0,0
1286,D,A,I,1,3,1,1,2,1,1,0,0,0
1287,D,S,O,1,3,1,1,2,1,1,0,0,0
1288,H,S,X,1,2,1,1,1,1,1,0,0,0
1289,B,X,O,1,3,1,1,2,1,1,0,0,0
1290,H,S,X,1,2,1,2,1,1,1,0,0,0
1291,D,S,O,1,1,1,2,2,1,1,0,0,0
1292,E,K,C,2,3,3,2,2,2,1,1,0,1
1293,F,K,I,1,2,1,2,2,2,1,0,0,0
1294,E,K,C,2,3,3,2,2,2,1,0,5,1
1295,C,R,I,1,2,1,1,2,1,1,0,0,0
1296,B,S,O,1,3,1,1,2,1,1,0,0,0
1297,D,A,O,1,3,1,2,2,1,1,1,0,0
1298,C,R,O,1,3,1,1,2,1,1,0,0,0
1299,H,S,X,1,3,1,1,1,1,1,0,0,0
1300,C,R,O,1,2,1,1,2,1,1,0,0,0
1301,H,S,X,1,2,1,2,1,1,1,0,0,0
1302,H,S,X,2,2,1,2,2,1,1,0,0,0
1303,E,K,C,2,2,3,2,2,2,1,2,2,0
1304,E,K,I,1,3,1,2,2,2,1,1,0,0
1305,E,K,C,2,2,3,2,2,2,1,0,0,0
1306,B,S,O,1,2,1,1,2,1,1,0,0,0
1307,E,A,I,1,3,1,2,2,1,1,0,0,0
1308,D,R,I,1,3,1,1,2,1,1,0,0,0
1309,H,S,X,1,2,1,1,1,1,1,0,0,0
1310,C,R,O,1,3,1,1,2,1,1,0,0,0
1311,H,S,X,1,3,1,2,2,1,1,0,0,0
1312,E,K,C,2,2,2,2,2,2,1,4,0,0
1313,E,A,I,1,2,1,2,2,1,1,3,0,0
1314,H,S,X,1,2,1,1,2,1,1,0,0,0
1315,E,A,O,2,2,1,2,2,1,1,0,0,0
1316,D,R,I,1,3,1,2,2,1,1,0,0,0
1317,H,S,X,1,2,1,1,1,1,1,0,0,0
1318,H,R,X,1,3,1,1,2,1,1,0,0,0
1319,D,S,O,1,3,1,1,2,1,1,0,0,0
1320,H,R,X,1,2,1,1,1,1,1,0,0,0
1321,E,K,C,2,2,2,2,2,2,1,0,0,0
1322,F,S,I,2,2,1,2,2,1,1,2,0,0
1323,D,S,I,1,3,1,1,2,1,1,1,0,0
1324,H,S,X,1,3,1,1,2,1,1,0,0,0
1325,D,S,O,1,3,1,2,2,1,1,0,0,0
1326,D,A,I,1,2,1,2,2,1,1,0,0,0
1327,H,A,X,1,3,1,1,1,1,1,0,0,0
1328,D,S,O,1,2,1,1,2,1,1,0,0,0
1329,H,S,X,1,2,1,1,1,1,1,0,0,0
1330,C,S,O,1,3,1,1,2,1,1,0,0,0
1331,H,S,X,1,2,1,2,1,1,1,0,0,0
1332,E,K,C,2,3,1,2,2,2,1,2,1,0
1333,F,A,I,2,2,1,2,2,1,1,0,0,0
1334,C,S,O,1,2,1,2,2,1,1,0,0,0
1335,D,A,I,1,2,1,2,2,1,1,0,0,0
1336,H,A,X,1,2,1,1,1,1,1,0,0,0
1337,B,X,O,1,3,1,1,2,1,1,0,0,0
1338,H,S,X,1,3,1,1,1,1,1,0,0,0
1339,D,A,O,1,3,1,1,2,1,1,0,0,0
1340,D,H,O,1,3,1,2,2,1,1,0,0,0
1341,D,S,O,1,3,1,1,2,1,1,2,1,0
1342,E,K,C,2,2,1,2,2,1,1,0,0,0
1343,F,A,I,1,2,1,2,2,1,1,0,0,0
1344,C,S,O,1,2,1,2,2,1,1,0,0,0
1345,D,A,I,1,1,1,2,2,1,1,1,1,0
1346,H,A,X,1,2,1,1,1,1,1,0,0,0
1347,H,S,X,1,2,1,1,1,1,1,0,0,0
1348,D,A,O,1,2,1,1,2,1,1,0,0,0
1349,D,H,O,1,3,1,2,2,1,1,0,0,0
1350,D,S,O,1,3,1,1,2,1,1,0,0,0
1351,H,S,X,1,1,1,2,2,1,1,0,0,0
1352,F,S,I,1,3,1,2,2,1,1,0,0,0
1353,H,S,X,1,3,1,1,1,1,1,0,0,0
1354,B,X,I,1,2,1,1,2,1,1,0,0,0
1355,D,H,O,1,2,1,2,2,1,1,0,0,0
1356,D,R,O,1,3,1,1,2,1,1,0,0,0
1357,D,A,I,2,3,2,1,2,1,1,0,0,0
1358,H,S,X,1,2,1,1,1,1,1,0,0,0
1359,C,R,O,1,3,1,1,2,1,1,1,0,0
1360,C,R,O,1,2,1,1,2,1,1,0,0,0
1361,D,H,O,1,2,1,2,2,1,1,0,0,0
1362,C,S,O,1,2,1,1,2,1,1,0,0,0
1363,E,A,I,1,2,1,2,2,1,1,0,0,0
1364,H,S,X,1,2,1,1,1,1,1,1,0,0
1365,C,S,O,1,3,1,1,2,1,1,0,0,0
1366,H,S,X,1,2,1,1,2,1,1,0,0,0
1367,D,S,O,1,3,1,2,2,1,1,0,0,0
1368,B,X,O,1,1,1,1,2,1,1,0,0,0
1369,E,A,O,1,2,1,2,2,1,1,4,1,0
1370,H,S,X,1,3,1,1,1,1,1,1,0,0
1371,H,S,X,1,3,1,1,1,1,1,0,0,0
1372,H,S,X,1,2,1,1,2,1,1,0,0,0
1373,H,S,X,1,2,1,1,2,1,1,1,0,0
1374,D,H,O,1,3,1,2,2,1,1,0,0,0
1375,E,A,I,2,2,1,2,2,1,1,0,0,0
1376,D,S,O,1,3,1,1,2,1,1,0,0,0
1377,H,S,X,1,1,1,1,1,1,1,0,0,0
1378,H,S,X,1,2,1,1,2,1,1,0,0,0
1379,H,S,X,1,2,1,1,2,1,1,1,0,0
1380,D,S,O,1,2,1,2,2,1,1,0,0,0
1381,H,S,X,1,2,2,2,2,1,1,0,0,0
1382,H,S,X,2,2,1,1,2,1,1,0,0,0
1383,D,R,O,1,3,1,1,2,1,1,0,0,0
1384,H,S,X,1,2,1,1,1,1,1,0,0,0
1385,H,S,X,2,2,1,1,2,1,1,0,0,0
1386,C,S,O,1,2,1,2,2,1,1,0,0,0
1387,H,R,X,1,2,1,1,2,1,1,0,0,0
1388,B,X,O,1,1,1,1,2,1,1,0,0,0
